Walor,Kurs (PLN),Zmiana (%),Otwarcie,Min,Max,Obrót (szt.),Obrót (PLN),"Czas
aktualizacji"
11 bit studios SA,262,4.38,252,251.5,262,8914,2299176,2019-01-04
4Fun Media SA,12.4,-0.4,12.6,11.95,12.6,757,9269,2019-01-04
AB SA,16,0,15.9,15.9,16.1,3987,63964,2019-01-04
Abadon Real Estate SA,4.1,0,0,0,0,0,0,2019-01-03
ABC Data SA,1.27,0,1.26,1.26,1.27,364580,459469,2019-01-04
ABM Solid SA w upadłości układowej,3.58,0,0,0,0,0,0,2019-01-03
AC SA,44,0.69,44.7,44,44.7,122,5403,2019-01-04
Action SA w restrukturyzacji,2.88,0,2.8,2.8,2.88,1345,3873,2019-01-04
Adiuvo Investments SA,8.28,-2.36,8.5,7.94,8.5,2761,22258,2019-01-04
Agora SA,10,0.4,9.96,9.96,10.25,2365,23681,2019-01-04
Agroton Plc,3.99,2.31,3.72,3.72,4.09,955,3692,2019-01-04
Ailleron SA,10.75,0.47,10.8,10.65,10.9,3508,37876,2019-01-04
Airway Medix SA,0.67,0,0.66,0.66,0.67,12100,8004,2019-01-04
Alchemia SA,4.55,-2.57,4.55,4.55,4.55,100,455,2019-01-04
Alior Bank SA,54.75,2.53,53.9,53.9,55,127074,6949338,2019-01-04
Alta SA,1.8,-0.55,1.8,1.8,1.8,200,360,2019-01-04
Altus TFI SA,2.19,1.39,2.16,2.15,2.23,22737,49827,2019-01-04
Alumetal SA,40,-2.32,41.95,40,41.95,9946,401443,2019-01-04
Ambra SA,12.35,0,12.9,12.35,12.9,1586,19617,2019-01-04
Amica SA,111.4,-1.07,112,111.4,114.4,1743,195805,2019-01-04
AmRest Holdings SE,39.75,0.89,40,39.45,40.5,34782,1386089,2019-01-04
Apator SA,22.8,-0.87,24.3,22.7,24.3,8641,197304,2019-01-04
Aplisens SA,10,-5.66,10.3,9.8,10.6,3967,39722,2019-01-04
APS Energia SA,2.23,0,0,0,0,0,0,2019-01-03
Archicom SA,11.4,1.33,11.4,11.4,11.4,7,80,2019-01-04
Arctic Paper SA,3.18,0.63,3.17,3.15,3.2,13672,43332,2019-01-04
Arcus SA,1.14,5.56,1.14,1.14,1.14,154,176,2019-01-04
Arteria SA,4.76,4.85,4.54,4.54,4.94,2210,10237,2019-01-04
Artifex Mundi SA,4.25,3.16,4.11,4.11,4.25,2186,9136,2019-01-04
ASBISc Enterprises PLC,2.35,-2.49,2.42,2.34,2.44,247301,585960,2019-01-04
ASM Group SA,3.44,0,0,0,0,0,0,2019-01-03
Asseco BS SA,28.4,0.71,28.5,28.4,28.5,11,313,2019-01-04
Asseco Poland SA,46.76,0.65,46.4,46.06,46.98,29116,1359625,2019-01-04
Asseco SEE SA,11.95,1.27,11.8,11.8,11.95,805,9578,2019-01-04
Astarta Holding NV,23.4,0,23.4,23.2,23.4,120,2806,2019-01-04
Atal SA,27.5,0,27.6,27,27.6,12734,345315,2019-01-04
Atende SA,3.76,-2.59,3.86,3.76,3.86,762,2899,2019-01-04
Atlanta Poland SA,4.89,-0.2,4.85,4.73,4.95,8633,41105,2019-01-04
Atlantis SE,0.49,0,0,0,0,0,0,2019-01-03
Atlas Estates Ltd.,1.1,6.8,1.03,1.03,1.1,17010,18043,2019-01-04
ATM Grupa SA,4.66,-1.48,4.73,4.6,4.73,2907,13376,2019-01-04
ATM SA,8.4,0,8.42,8.4,8.42,48,404,2019-01-04
Atrem SA,1.41,6.02,1.39,1.39,1.41,123,171,2019-01-04
AUGA Group AB,1.74,0,0,0,0,0,0,2019-01-03
Auto Partner SA,3.79,0.8,3.76,3.74,3.88,34540,130652,2019-01-04
Awbud SA,1.05,0,1.06,1.05,1.06,6677,7051,2019-01-04
Baltic Bridge SA,0.88,0,0,0,0,0,0,2019-01-03
Baltona SA,9.7,4.53,9.28,9.1,10,2504,23897,2019-01-04
Banco Santander SA,17.8,3.19,17.48,17.48,17.84,1280,22768,2019-01-04
Bank Handlowy SA,68,-1.73,69.3,67.8,69.3,60213,4102480,2019-01-04
Bank Millennium SA,8.8,1.03,8.72,8.72,8.85,745792,6567097,2019-01-04
Bank Pekao SA,111.2,2.11,109.25,109.1,111.5,631318,69896744,2019-01-04
BBI Development SA,0.62,5.08,0.59,0.59,0.64,171990,104730,2019-01-04
Benefit Systems SA,790,-0.75,782,782,796,809,639884,2019-01-04
Berling SA,4.3,2.38,4.3,4.3,4.3,1,4,2019-01-04
Best SA,27,0,0,0,0,0,0,2019-01-03
Betacom SA,14.1,0,14.1,13.9,14.1,101,1404,2019-01-04
BGŻ BNP Paribas SA,50,0,50,50,50,1,50,2019-01-04
Biomed Lublin SA,1.05,-1.87,1.02,1.02,1.05,5301,5407,2019-01-04
Bioton SA,4.97,-2.93,4.94,4.91,5,36971,182959,2019-01-04
Biuro Inwestycji Kapitałowych SA,14.45,5.09,13.75,13.35,14.45,1766,24656,2019-01-04
Boryszew SA,4.69,0,4.7,4.65,4.73,59727,279763,2019-01-04
Bowim SA,2.69,-0.74,2.63,2.63,2.69,1228,3299,2019-01-04
BOŚ SA,7.5,1.35,7.45,7.32,7.5,4281,31745,2019-01-04
Braster SA,2.24,-5.08,2.36,2.21,2.53,769170,1841001,2019-01-04
British Automotive Holding SA,1.6,-2.44,1.63,1.6,1.63,153932,247778,2019-01-04
BSC Drukarnia Opakowań SA,30.8,7.69,30.8,28.8,30.8,74,2135,2019-01-04
Budimex SA,120,0.5,119.8,119.2,122.2,8756,1059964,2019-01-04
Bumech SA w restrukturyzacji,0.23,9.52,0.22,0.22,0.23,129903,29085,2019-01-04
Capital Park SA,5.25,-6.25,5.8,5.25,5.8,29724,164030,2019-01-04
Capital Partners SA,2.13,2.4,2.09,2.01,2.13,3265,6812,2019-01-04
CCC SA,182.5,-1.88,186.8,181.1,188.3,126906,23470487,2019-01-04
CD Projekt SA,150.7,1.82,148,148,150.8,163950,24563037,2019-01-04
CDRL SA,23.9,0.42,23.9,23.9,23.9,1,24,2019-01-04
Celon Pharma SA,30.95,-0.16,30.7,30.5,31,1610,49720,2019-01-04
Centrum Nowoczesnych Technologii SA,12.3,0.82,12.2,12.2,12.3,20,244,2019-01-04
Ceramika Nowa Gala SA,0.5,2.04,0.5,0.5,0.5,150,75,2019-01-04
CEZ a.s.,91,1.11,90,90,91.5,108,9845,2019-01-04
CFI Holding SA,0.72,2.86,0.72,0.68,0.73,322721,228188,2019-01-04
Chemoservis-Dwory SA,0.33,0,0,0,0,0,0,2019-01-03
CI Games SA,0.85,1.19,0.85,0.83,0.86,584668,494813,2019-01-04
Ciech SA,45.8,4.09,44,43.8,46,160820,7259288,2019-01-04
City Service SE,13.2,0,0,0,0,0,0,2019-01-03
Coal Energy SA,0.38,11.76,0.38,0.38,0.38,100,38,2019-01-04
Cognor Holding SA,1.73,6.13,1.65,1.63,1.74,78511,132392,2019-01-04
ComArch SA,150,0,150,150,150,197,29550,2019-01-04
Comp SA,46.8,0,48,46.8,48.4,974,45786,2019-01-04
Comperia.pl SA,6.6,3.13,6.4,6.3,6.6,1380,8708,2019-01-04
CPD SA,5,0,5.2,5,5.2,1360,6872,2019-01-04
CUBE.ITG SA w restrukturyzacji,0.04,-20,0.04,0.04,0.04,195,8,2019-01-04
Cyfrowy Polsat SA,22.64,1.16,22.52,22.48,23.1,308646,7042086,2019-01-04
Czerwona Torebka SA,0.22,-4.35,0.22,0.22,0.22,1079,237,2019-01-04
Decora SA,16.45,2.81,16.2,16.05,16.45,2393,38744,2019-01-04
Dekpol SA,34.4,0.58,34.6,34.4,34.8,448,15507,2019-01-04
Delko SA,7,-1.41,7,6.94,7.1,9022,63131,2019-01-04
DGA SA,8.32,-5.02,8.76,8.32,8.76,655,5465,2019-01-04
Dino Polska SA,97,-0.26,97.95,96.2,98.25,270727,26491296,2019-01-04
Dom Development SA,63,0.32,62.6,62.6,63,10203,640752,2019-01-04
Drewex SA,0.3,-11.76,0.3,0.3,0.3,50,15,2019-01-04
Drop SA,0.43,0,0,0,0,0,0,2019-01-03
Drozapol-Profil SA,1.4,-2.1,1.43,1.36,1.43,779,1088,2019-01-04
Dębica SA,89.6,-2.4,91,89.6,91.8,221,20063,2019-01-04
EC Będzin SA,21,0,21,21,21,5,105,2019-01-04
Echo Investment SA,3.34,-0.6,3.38,3.34,3.41,92203,310136,2019-01-04
ED Invest SA,1.94,1.57,1.94,1.94,1.94,2,4,2019-01-04
Efekt SA,22.8,4.59,21.8,21.5,22.8,935,20489,2019-01-04
Eko Export SA,2.81,1.44,2.8,2.73,2.86,6514,18187,2019-01-04
Elektrobudowa SA,28.8,3.97,27.7,27.7,29,2840,81041,2019-01-04
Elektrotim SA,4.7,-1.26,4.7,4.7,4.7,22,103,2019-01-04
Elemental Holding SA,1.39,1.46,1.39,1.37,1.48,1738748,2482306,2019-01-04
Elkop SA,0.01,0,0.01,0.01,0.01,1510001,15100,2019-01-04
Elzab SA,4.2,4.48,4.2,4.2,4.2,96,403,2019-01-04
EMC Instytut Medyczny SA,7.1,3.65,6.8,6.8,7.1,150,1021,2019-01-04
Enea SA,9.94,0.4,9.9,9.84,9.94,1698024,16780891,2019-01-04
Enefi Plc.,1.5,0,0,0,0,0,0,2019-01-03
Enel-Med SA,10.4,0,0,0,0,0,0,2019-01-03
Energa SA,9.2,0.99,9.12,9.05,9.2,461836,4225053,2019-01-04
Energoaparatura SA,1.14,0,1.14,1.14,1.14,1,1,2019-01-04
Energoinstal SA,0.83,-1.19,0.84,0.8,0.84,8341,6763,2019-01-04
Enter Air SA,21,0,21,20.9,21,72,1510,2019-01-04
Erbud SA,10.15,0.5,10.15,10.15,10.15,501,5085,2019-01-04
ERG SA,45,-7.79,49.4,45,49.4,367,16673,2019-01-04
Ergis SA,2.46,-1.6,2.48,2.4,2.5,6103,15118,2019-01-04
ES-System SA,2.2,0,2.2,2.2,2.2,588,1294,2019-01-04
Esotiq&Henderson SA,17.05,-2.01,17.7,16.9,17.7,2412,40833,2019-01-04
EuCO SA,5.4,0.75,5.2,5.2,5.4,8237,44288,2019-01-04
Eurocash SA,18.9,4.65,18.29,18.21,18.9,341795,6373317,2019-01-04
Eurohold Bulgaria AD,3.6,1.69,3.6,3.6,3.6,2,7,2019-01-04
Eurotel SA,19.5,0.52,19.45,19.2,19.5,568,11015,2019-01-04
Everest Investments SA,0.57,-5,0.6,0.57,0.6,334,191,2019-01-04
Famur SA,5.44,0.74,5.46,5.4,5.58,146686,804831,2019-01-04
Fasing SA,16.1,0.63,16.1,15.7,16.1,398,6335,2019-01-04
Fast Finance SA,0.09,0,0,0,0,0,0,2019-01-03
Feerum SA,9.84,0,9.84,9.84,9.84,11,108,2019-01-04
Fenghua SoleTech AG,17.5,0,0,0,0,0,0,2019-01-03
Ferro SA,12.35,-1.2,13,12.2,13,4305,53500,2019-01-04
Ferrum SA,4.6,6.48,4.54,4.54,4.6,221,1004,2019-01-04
Financial Assets Management Group SA,29,0,0,0,0,0,0,2019-01-03
Fon SE,0.1,0,0.09,0.09,0.1,51848,5046,2019-01-04
Forte SA,23.45,1.74,23.05,23.05,23.55,2021,47206,2019-01-04
GetBack SA w restrukturyzacji,3.75,0,0,0,0,0,0,2019-01-03
Getin Holding SA,0.18,0,0.17,0.17,0.18,1369656,237676,2019-01-04
Getin Noble Bank SA,0.36,0,0.36,0.36,0.36,948924,341613,2019-01-04
Gino Rossi SA,0.53,1.92,0.53,0.53,0.53,135300,71709,2019-01-04
GK Immobile SA,3.33,3.74,3.28,3.28,3.33,269,886,2019-01-04
Global Cosmed SA,0.95,-2.06,0.99,0.89,1.1,21647,21642,2019-01-04
Globalworth Poland Real Estate NV,5.12,0,5.12,5.12,5.12,1,5,2019-01-04
Gobarto SA,7.5,-1.06,7.4,7.4,7.5,240,1799,2019-01-04
GPM Vindexus SA,6.8,-0.29,6.86,6.72,6.88,1703,11507,2019-01-04
GPW SA,37.15,0.81,36.75,36.75,37.45,7619,283112,2019-01-04
Graviton Capital SA,1.61,0,1.61,1.61,1.61,2,3,2019-01-04
Groclin SA,3.23,5.21,3.13,3.07,3.39,169867,554071,2019-01-04
Grodno SA,3.46,-5.21,3.6,3.25,3.6,39351,135643,2019-01-04
Grupa Azoty SA,31.76,-1.18,32.1,31.62,32.44,52362,1673915,2019-01-04
Grupa Kęty SA,328,-0.15,332,328,332,3131,1033575,2019-01-04
Grupa Lotos SA,88,-0.11,88,87.54,89,275681,24338203,2019-01-04
Grupa Żywiec SA,466,0.87,466,466,466,2,932,2019-01-04
GTC SA,8.14,2.52,7.94,7.94,8.35,57001,461494,2019-01-04
Harper Hygienics SA,0.13,0,0.13,0.13,0.13,394461,51280,2019-01-04
Helio SA,7.88,-3.9,8.38,7.78,8.38,4074,32112,2019-01-04
Herkules SA,2.65,-5.02,2.78,2.65,2.78,12618,33882,2019-01-04
Hollywood SA,0.93,1.09,0.93,0.93,0.93,1,1,2019-01-04
HubStyle SA,0.5,4.17,0.5,0.5,0.5,10,5,2019-01-04
Hydrotor SA,38.4,-2.04,39.2,37.6,39.2,230,8732,2019-01-04
Hyperion SA w upadłości,0.28,0,0,0,0,0,0,2019-01-03
i2 Development SA,11,22.49,11,11,11,50,550,2019-01-04
IBSM SA,15,0,0,0,0,0,0,2019-01-03
Idea Bank SA,2.41,-1.63,2.45,2.41,2.45,37496,90858,2019-01-04
IDM SA w upadłości układowej,1.09,-0.91,1.06,1.06,1.09,7901,8376,2019-01-04
iFirma SA,2.15,1.9,2.14,2.14,2.15,811,1740,2019-01-04
IMC SA,13,0,13,13,13,102,1326,2019-01-04
Immofinanz AG,89.75,0,0,0,0,0,0,2019-01-03
Impel SA,6.5,-2.26,7,6.4,7,6918,44976,2019-01-04
Impera Capital SA,1.15,7.48,1.07,1.07,1.16,61,70,2019-01-04
Impexmetal SA,3.27,6.17,3.05,3.05,3.27,16831,52977,2019-01-04
IMS SA,3.7,5.71,3.52,3.5,3.72,14044,49810,2019-01-04
INC SA,1.1,0,1.02,1.02,1.1,634,647,2019-01-04
Indata SA w upadłości,0.31,0,0,0,0,0,0,2019-01-03
Indykpol SA,59.5,2.59,61.5,59,61.5,65,3858,2019-01-04
ING Bank Śląski SA,184,2.22,182,180,184.6,1708,311177,2019-01-04
Inpro SA,4.46,-0.89,4.5,4.28,4.5,2354,10110,2019-01-04
Instal Kraków SA,13.9,0.36,13.85,13.8,13.9,2403,33301,2019-01-04
Inter Cars SA,210.5,1.2,210,210,211,314,66153,2019-01-04
Inter Rao Lietuva AB,11.8,-0.42,11.55,11.55,11.9,1969,23335,2019-01-04
Interbud-Lublin SA,0.3,0,0.3,0.3,0.3,1000,300,2019-01-04
Interferie SA,3.7,0,0,0,0,0,0,2019-01-03
Interma Trade SA,3.1,-4.62,3.11,3.07,3.52,61340,199449,2019-01-04
Intersport Polska SA,2.04,0.99,2.03,1.95,2.04,4008,7980,2019-01-04
Introl SA,3.02,-5.63,3.23,3.02,3.23,1142,3486,2019-01-04
Investment Friends Capital SE,0.54,0,0,0,0,0,0,2019-01-03
Investment Friends SE,0.3,0,0.29,0.29,0.3,2750,807,2019-01-04
Invista SA,0.84,0,0.84,0.84,0.84,10,8,2019-01-04
IPF plc,9.63,0,0,0,0,0,0,2019-01-03
Ipopema Securities SA,1.22,0.83,1.22,1.22,1.22,221,270,2019-01-04
IQ Partners SA,0.33,0,0,0,0,0,0,2019-01-03
Izoblok SA,29.4,1.03,29.2,29.2,29.5,155,4535,2019-01-04
Izolacja Jarocin SA,1.72,0,1.72,1.72,1.72,1,2,2019-01-04
Izostal SA,2.88,-1.71,2.89,2.85,2.9,850,2450,2019-01-04
J.W. Construction Holding SA,2.37,3.04,2.38,2.29,2.38,802,1843,2019-01-04
JHM Development SA,1.53,0,1.53,1.53,1.53,1,2,2019-01-04
JJ Auto AG,9.7,0,0,0,0,0,0,2019-01-03
JSW SA,67.88,3.04,66.26,65.74,67.88,159080,10698855,2019-01-04
JWW Invest SA,1.04,0,1.04,1.04,1.04,45,47,2019-01-04
K2 Internet SA,11.6,0.87,11.5,11.5,11.6,1202,13826,2019-01-04
KB Dom SA,0.43,0,0,0,0,0,0,2019-01-03
KCI SA,0.5,0,0.47,0.47,0.5,6384,3189,2019-01-04
KDM Shipping Public Ltd.,0.88,-2.22,0.9,0.88,0.9,16000,14160,2019-01-04
Kernel Holding SA,49,-1.51,49.1,48.6,49.55,38787,1903893,2019-01-04
KGHM Polska Miedź SA,88.42,2.67,87.5,87.4,88.58,495046,43576863,2019-01-04
Kino Polska TV SA,11,0.46,11,11,11,167,1837,2019-01-04
Kogeneracja SA,44.6,6.7,42,41,44.6,114,4750,2019-01-04
Kompap SA,6.45,0,0,0,0,0,0,2019-01-03
Komputronik SA,3.67,8.26,3.4,3.3,3.74,20645,72007,2019-01-04
Konsorcjum Stali SA,29.9,0.34,30,29.3,30,945,27891,2019-01-04
Korporacja KGL SA,12.3,6.03,11.2,10.7,12.3,6584,75834,2019-01-04
KPPD SA,22.6,3.67,22,22,22.6,351,7723,2019-01-04
Krakchemia SA,1.24,7.83,1.15,1.15,1.26,31922,37074,2019-01-04
Kredyt Inkaso SA,11.8,0,11.1,11.1,11.8,685,7607,2019-01-04
Krezus SA,0.56,0,0,0,0,0,0,2019-01-03
KRKA DD,246,0,0,0,0,0,0,2019-01-03
Kruk SA,159.9,0.5,159.3,157.8,161.5,39098,6249393,2019-01-04
Kruszwica SA,38.8,-0.51,39,38.8,39.4,2614,101963,2019-01-04
Krynica Vitamin SA,8,0,7.62,7.62,8,102,814,2019-01-04
Krynicki Recykling SA,4.95,0,4.95,4.85,4.95,102,495,2019-01-04
KSG Agro SA,0.76,0,0,0,0,0,0,2019-01-03
Labo Print SA,12.95,-0.38,12.95,12.95,12.95,5,65,2019-01-04
Larq SA,5.9,0,5.9,5.9,5.9,12,71,2019-01-04
LC Corp SA,2.36,0,2.39,2.35,2.39,76409,180788,2019-01-04
Lena Lighting SA,2.71,1.12,2.68,2.67,2.71,2788,7506,2019-01-04
Lentex SA,7.4,0.54,7.38,7.38,7.4,1856,13723,2019-01-04
Libet SA,1.15,-1.71,1.17,1.12,1.17,3002,3392,2019-01-04
LiveChat Software SA,23.4,-0.21,23.45,23.25,23.85,9251,217204,2019-01-04
Lokum Deweloper SA,15,0,15,15,15,54,810,2019-01-04
LPP SA,7805,1.69,7720,7680,7835,3307,25708645,2019-01-04
LSI Software SA,11.5,0,0,0,0,0,0,2019-01-03
Lubawa SA,0.62,-1.59,0.63,0.62,0.63,22644,14112,2019-01-04
LW Bogdanka SA,53.4,1.71,52.6,52.4,53.4,1187,62655,2019-01-04
Mabion SA,79.1,-2.59,81,77.5,81.5,22076,1743737,2019-01-04
Makarony Polskie SA,4.3,0,4.3,4.3,4.3,200,860,2019-01-04
Mangata Holding SA,57.6,3.23,57,55.8,57.6,345,19499,2019-01-04
Marie Brizard Wine & Spirits,10.76,7.6,10.56,10.22,10.76,2695,28088,2019-01-04
Marvipol Development SA,3.22,-0.31,3.3,3.2,3.3,9617,30927,2019-01-04
Master Pharm SA,5.98,0.34,5.94,5.78,5.98,7231,42848,2019-01-04
Maxcom SA,16.65,7.07,15.6,15.55,16.7,1794,29241,2019-01-04
mBank SA,422,0.48,417.4,417.4,424,46192,19487311,2019-01-04
MCI Capital SA,9.16,1.78,9.28,9.16,9.48,7583,70168,2019-01-04
MDI Energia SA,3.48,-9.38,3.83,3.48,3.83,947,3332,2019-01-04
Mediacap SA,1.61,-3.59,1.61,1.61,1.61,30,48,2019-01-04
Mediatel SA,0.74,0,0,0,0,0,0,2019-01-03
Medicalgorithmics SA,31.7,4.62,30.55,29.6,32.2,22126,684614,2019-01-04
Megaron SA,12,0,0,0,0,0,0,2019-01-03
Mennica Polska SA,20.2,-1.94,20.2,20.2,20.2,3,61,2019-01-04
Mercator Medical SA,10.8,0,11.15,10.7,11.15,6066,65467,2019-01-04
Mercor SA,8.76,4.29,8.48,8.48,8.76,800,6885,2019-01-04
Mex Polska SA,3.78,-2.83,3.78,3.57,3.78,683,2439,2019-01-04
MFO SA,22.4,0.9,23,22.2,23,418,9336,2019-01-04
Milkiland NV,0.25,19.05,0.25,0.25,0.25,13411,3353,2019-01-04
Miraculum SA,1.52,0,1.52,1.52,1.52,1100,1672,2019-01-04
Mirbud SA,1.03,0,1.03,1.03,1.04,66069,68290,2019-01-04
ML System SA,27.89,-0.39,28,27.5,28.1,1456,40704,2019-01-04
MLP Group SA,44,0,44,43.8,44,5059,222506,2019-01-04
Mo-Bruk SA,43.2,0,0,0,0,0,0,2019-01-03
MOJ SA,0.58,-1.69,0.59,0.58,0.59,3500,2050,2019-01-04
MOL Rt.,39.88,0,0,0,0,0,0,2019-01-03
Monnari Trade SA,4.3,0.23,4.27,4.27,4.3,17869,76777,2019-01-04
Mostostal Płock SA,3.02,-8.48,3.3,2.97,3.3,13708,41606,2019-01-04
Mostostal Warszawa SA,2.26,-2.59,2.36,2.24,2.36,3708,8512,2019-01-04
Mostostal Zabrze SA,0.22,-4.35,0.23,0.22,0.23,230078,52476,2019-01-04
Muza SA,2.9,4.32,2.9,2.9,2.9,4963,14393,2019-01-04
MW Trade SA,2.98,1.36,3.04,2.98,3.06,1888,5719,2019-01-04
MZN Property SA,1.15,0,1.15,1.15,1.15,1000,1150,2019-01-04
NanoGroup SA,2.5,0,0,0,0,0,0,2019-01-03
Netia SA,5.13,1.79,5.04,5.04,5.14,53150,271000,2019-01-04
Netmedia SA,10.7,0,0,0,0,0,0,2019-01-03
Neuca SA,230.5,-1.28,234,229,234.5,2177,501867,2019-01-04
New World Resources Plc,0.02,0,0,0,0,0,0,2019-01-03
Newag SA,13.5,-3.57,14.2,13.4,14.6,68291,959472,2019-01-04
North Coast SA,5,14.16,4.57,4.57,5.02,1898,8770,2019-01-04
Novaturas AB,34.6,4.22,34.6,34.6,34.6,42,1453,2019-01-04
Novita SA,45.5,-3.19,47,45,47,8027,369118,2019-01-04
NTT System SA,2.38,0,2.38,2.38,2.38,10,24,2019-01-04
Octava SA,0.82,1.23,0.81,0.81,0.86,889,731,2019-01-04
Odlewnie Polskie SA,3.22,0.63,3.24,3.22,3.24,595,1916,2019-01-04
OEX SA,17.6,-1.12,17,17,18,1640,28654,2019-01-04
OncoArendi Therapeutics SA,16.14,8.32,14.9,14.9,16.39,2778,43316,2019-01-04
Open Finance SA,0.25,8.7,0.25,0.25,0.25,961741,240435,2019-01-04
Oponeo.pl SA,20.6,0,21,20.3,21,1778,36448,2019-01-04
OPTeam SA,5.15,0,0,0,0,0,0,2019-01-03
Orange Polska SA,5.2,3.17,5.03,5.03,5.2,2561416,13183792,2019-01-04
Orbis SA,91,-0.22,92,91,92,955,87149,2019-01-04
Orco Property Group SA,1.48,0,0,0,0,0,0,2019-01-03
Orion Investment SA,7.35,-6.37,7.85,7.35,7.85,460,3388,2019-01-04
Orzeł Biały SA,10.4,0,10.4,10.4,10.7,145,1522,2019-01-04
OT Logistics SA,7.5,25,6.1,6.1,7.5,33767,233800,2019-01-04
Ovostar Union NV,109,0,0,0,0,0,0,2019-01-03
PA Nova SA,15.6,9.47,14.8,14.8,15.6,350,5452,2019-01-04
Pamapol SA,1.05,-5.41,1.09,1.05,1.09,14020,14723,2019-01-04
Patentus SA,0.8,0,0.79,0.79,0.8,6290,5022,2019-01-04
PBG SA,0.09,0,0.1,0.09,0.1,32695,3117,2019-01-04
PBS Finanse SA,0.23,0,0,0,0,0,0,2019-01-03
PC Guard SA,1.17,0,0,0,0,0,0,2019-01-03
PCC Exol SA,1.54,0,0,0,0,0,0,2019-01-03
PCC Rokita SA,80,-1.23,81.6,79.8,81.8,6064,487240,2019-01-04
Peixin International Group NV,0.85,8.97,0.78,0.78,0.85,4117,3377,2019-01-04
Pekabex SA,12.8,0,12.8,12.8,12.9,1548,19836,2019-01-04
Pepees SA,1.25,4.17,1.25,1.25,1.25,1,1,2019-01-04
Pfleiderer Group SA,33.5,-1.47,34,32.2,34,7417,245563,2019-01-04
PGE SA,10.15,0.4,10.19,10.13,10.33,1044218,10661463,2019-01-04
PGNiG SA,6.92,-0.14,6.94,6.86,6.96,3260847,22553858,2019-01-04
PGO SA,2.2,-4.35,2.3,2.2,2.3,65,145,2019-01-04
PGS Software,8.46,-3.86,8.6,8.24,8.68,22549,191211,2019-01-04
PKN Orlen SA,103.65,1.87,103,101.85,103.9,691684,71201495,2019-01-04
PKO BP SA,40.45,2.22,39.95,39.83,40.86,2236623,90393469,2019-01-04
PKP Cargo SA,44.45,1.02,44.2,44,44.8,5295,235351,2019-01-04
Plast-Box SA,2.09,1.46,2.1,2.03,2.1,7,14,2019-01-04
Platynowe Inwestycje SE,0.51,0,0.44,0.44,0.51,1386,680,2019-01-04
Play Communications SA,20.96,0.67,20.82,20.66,21.06,269245,5613942,2019-01-04
PlayWay SA,142,4.03,138.5,136.5,142,9382,1315949,2019-01-04
Plaza Centers NV,4.19,18.36,3.53,3.4,4.26,49387,199333,2019-01-04
PME SA,0.87,0,0,0,0,0,0,2019-01-03
PMPG Polskie Media SA,2.72,4.62,2.6,2.6,2.72,1342,3577,2019-01-04
Polenergia SA,20.7,-0.48,20.8,20.4,20.8,1884,38655,2019-01-04
Police SA,13.5,0.75,13.5,13.5,13.5,180,2430,2019-01-04
Polimex-Mostostal SA,3.03,6.69,2.85,2.85,3.05,711859,2114849,2019-01-04
Polnord SA,8.3,0.12,8.21,8.01,8.4,18143,147627,2019-01-04
Polski Bank Komórek Macierzystych SA,59.8,1.01,60,57.4,60,429,24876,2019-01-04
Polski Holding Nieruchomości SA,9.74,6.1,9.18,9,9.74,3477,32094,2019-01-04
Polwax SA,7,0,6.98,6.98,7,17955,125658,2019-01-04
Pozbud T&R SA,2.2,0,2.31,2.15,2.31,9962,21859,2019-01-04
Pragma Faktoring SA,17,0,17,17,17,5,85,2019-01-04
Pragma Inkaso SA,10.2,0,0,0,0,0,0,2019-01-03
Prairie Mining Ltd.,1.14,3.64,1.1,1.1,1.15,132752,149654,2019-01-04
Prima Moda SA,2.78,0,0,0,0,0,0,2019-01-03
Prime Car Management SA,13.1,-0.76,13.1,13.1,13.2,7252,95266,2019-01-04
Primetech SA,1.37,1.48,1.35,1.34,1.37,3658,4952,2019-01-04
Private Equity Managers SA,24.3,-0.82,24.5,23.8,24.5,776,18751,2019-01-04
Procad SA,1.52,0,1.52,1.51,1.52,2515,3798,2019-01-04
Prochem SA,18.15,-1.89,18.3,17.15,18.3,456,7849,2019-01-04
Projprzem Makrum SA,23.3,1.3,23.5,22.8,23.5,439,10077,2019-01-04
Protektor SA,4.5,-0.22,4.51,4.37,4.51,79,346,2019-01-04
Próchnik SA w upadłości,0.02,100,0.02,0.02,0.02,1393536,27871,2019-01-04
Puławy SA,66,3.13,66.8,64.6,66.8,523,34293,2019-01-04
PZ Cormay SA,1.16,2.65,1.13,1.12,1.2,297018,345139,2019-01-04
PZU SA,44.37,2.8,43.41,43.35,44.37,1263522,55656166,2019-01-04
Quantum Software SA,15.2,-1.94,15.2,15.2,15.2,44,669,2019-01-04
Quercus TFI SA,2.3,-1.29,2.3,2.3,2.3,8445,19424,2019-01-04
Qumak SA,0.3,3.45,0.29,0.28,0.31,105465,31190,2019-01-04
R22 SA,14.84,0.13,14.82,14.82,14.84,14,208,2019-01-04
Radpol SA,1.08,-0.92,1.08,1.07,1.1,28608,31048,2019-01-04
Rafako SA,1.7,-2.86,1.75,1.7,1.75,185571,322489,2019-01-04
Rafamet SA,9.86,0,0,0,0,0,0,2019-01-03
Rainbow Tours SA,21.4,0,21.4,21.4,21.5,268,5745,2019-01-04
Rank Progress SA,1.57,0.64,1.56,1.52,1.59,14502,22578,2019-01-04
Rawlplug SA,8.6,0.23,8.6,8.6,8.6,100,860,2019-01-04
Redan SA,0.59,0,0.59,0.56,0.59,2040,1203,2019-01-04
Redwood Holding SA w restrukturyzacji,0.09,-25,0.09,0.09,0.09,5766,519,2019-01-04
Reinhold Europe AB,0.16,0,0.16,0.16,0.16,10050,1608,2019-01-04
Relpol SA,7.66,-0.26,7.68,7.66,7.68,180,1380,2019-01-04
Remak SA,8.52,-2.07,8.52,8.52,8.52,20,170,2019-01-04
Resbud SE,0.2,17.65,0.2,0.2,0.2,4100,820,2019-01-04
Ronson Development SE,0.82,0,0.82,0.82,0.82,5486,4499,2019-01-04
Rubicon Partners SA,1.06,-2.75,1.01,1.01,1.11,685,692,2019-01-04
Sadovaya Group SA,0.12,0,0,0,0,0,0,2019-01-03
Sanok Rubber Company SA,23,-0.86,24,22.7,24,9303,214164,2019-01-04
SANPL2,354,-1.67,358,348,358,349,122232,2019-01-04
Santander Bank Polska SA,360.8,0.5,362,358.4,365.6,56466,20442735,2019-01-04
Sanwil SA,0.59,0,0,0,0,0,0,2019-01-03
Sare SA,7.5,-5.06,7.5,7.5,7.5,34,255,2019-01-04
Satis Group SA,1.32,0,0,0,0,0,0,2019-01-03
Sco-Pak SA w restrukturyzacji,0.08,0,0,0,0,0,0,2019-01-03
Seco/Warwick SA,17.2,10.97,15.5,15.5,17.2,1550,25072,2019-01-04
Seko SA,9.1,-1.09,9.1,9.1,9.1,250,2275,2019-01-04
Selena FM SA,9.4,0,9.4,8.95,9.4,129,1159,2019-01-04
Selvita SA,52.8,0.96,53.4,52.5,53.4,1040,55038,2019-01-04
Serinus Energy Inc.,0.68,3.03,0.67,0.66,0.69,156106,104897,2019-01-04
Sescom SA,26,-3.7,25.8,25.8,26,174,4517,2019-01-04
Setanta ASI SA,1.26,0,0,0,0,0,0,2019-01-03
Sfinks SA,0.72,-13.25,0.79,0.72,0.79,163202,118897,2019-01-04
Silvano Group AS,10.35,1.47,10.2,10.2,10.35,501,5110,2019-01-04
Simple SA,7,0,7,6.7,7,1292,8664,2019-01-04
Skarbiec Holding SA,21,-2.33,21.4,21,21.5,4359,91860,2019-01-04
Skotan SA,0.7,-1.41,0.7,0.7,0.7,3344,2341,2019-01-04
Skyline Investment SA,0.74,0,0,0,0,0,0,2019-01-03
Sleepz AG,4.08,0,0,0,0,0,0,2019-01-03
Soho Development SA,1.06,0,1.06,1.02,1.06,661,690,2019-01-04
Solar Company SA,0.44,-2.22,0.44,0.44,0.48,1176,532,2019-01-04
Sonel SA,6.1,-1.61,6.2,6.04,6.2,2255,13727,2019-01-04
Sopharma AD,8.35,0,0,0,0,0,0,2019-01-03
Stalexport Autostrady SA,3.36,1.51,3.3,3.3,3.37,267596,887691,2019-01-04
Stalprodukt SA,315,0,312,310.5,316,288,90719,2019-01-04
Stalprofil SA,9,-0.55,9.05,9,9.05,300,2705,2019-01-04
Starhedge SA,0.61,10.91,0.58,0.58,0.61,199000,117738,2019-01-04
Stelmet SA,7.44,1.36,7.3,7.3,7.44,400,2934,2019-01-04
Sunex SA,4.47,1.59,4.3,4.29,4.47,2718,11815,2019-01-04
Suwary SA,15,-0.66,15.1,15,15.1,2,30,2019-01-04
Swissmed CZ SA,1.05,5,1,1,1.05,515,539,2019-01-04
Sygnity SA,2.89,7.04,2.75,2.75,2.89,2761,7754,2019-01-04
Synektik SA,8.78,0,8.78,8.56,8.78,2543,21918,2019-01-04
T-Bull SA,29.2,4.29,28.6,27.4,30.6,2877,82231,2019-01-04
Talanx AG,130,0,0,0,0,0,0,2019-01-03
Talex SA,11.7,-0.43,12.05,11.7,12.05,159,1861,2019-01-04
Tarczyński SA,18.15,0,18.15,18.15,18.15,10,182,2019-01-04
Tatry Mountain Resorts AS,128,0,0,0,0,0,0,2019-01-03
Tauron Polska Energia SA,2.19,1.86,2.16,2.15,2.19,5287567,11471568,2019-01-04
Ten Square Games SA,82.5,6.99,77.02,77.02,82.76,11159,890442,2019-01-04
Termo-Rex SA,0.55,-1.79,0.57,0.55,0.59,290,163,2019-01-04
Tesgas SA,2.55,0.39,2.55,2.55,2.55,1,3,2019-01-04
TIM SA,6.5,0.31,6.38,6.38,6.5,18121,117638,2019-01-04
Torpol SA,4.33,-0.46,4.47,4.3,4.48,24401,106528,2019-01-04
Tower Investments SA,20.6,-1.9,21.6,20.6,21.6,360,7452,2019-01-04
Toya SA,7.1,0,7.3,7.1,7.3,152,1085,2019-01-04
Trakcja PRKiI SA,4.08,0.74,4.1,4.06,4.12,118891,487045,2019-01-04
Trans Polonia SA,2.87,0,2.87,2.87,2.87,2,6,2019-01-04
Triton Development SA,2.48,11.71,2.28,2.28,2.48,12114,28185,2019-01-04
TXM SA,0.27,0,0.27,0.27,0.27,10970,2962,2019-01-04
Ulma SA,73.5,0,73.5,73.5,73.5,1,74,2019-01-04
Unibep SA,4.39,-0.23,4.39,4.35,4.4,64772,282865,2019-01-04
UniCredit SpA,42.61,0.07,42.65,42.61,42.65,194,8271,2019-01-04
Unima 2000 SA,2.12,-0.47,2.18,2.07,2.18,2410,5026,2019-01-04
Unimot SA,8.26,0.73,8,8,8.26,273,2211,2019-01-04
Ursus SA,1.3,-0.76,1.3,1.28,1.32,177359,229214,2019-01-04
Venture Inc SA,1.41,0,1.41,1.41,1.41,60,85,2019-01-04
Vigo System SA,275,-2.14,280,275,280,75,20675,2019-01-04
Vistal Gdynia SA w restrukturyzacji,1.14,-3.39,1.17,1.1,1.22,144029,165545,2019-01-04
Vivid Games SA,1.96,13.95,1.77,1.63,2.08,1987333,3730010,2019-01-04
Votum SA,4.69,0,0,0,0,0,0,2019-01-03
Voxel SA,22.9,-6.15,23.8,22.2,23.8,4710,109075,2019-01-04
VRG SA,3.93,4.8,3.75,3.75,3.96,86893,337756,2019-01-04
Wadex SA,4.92,3.58,4.84,4.84,4.92,382,1878,2019-01-04
Warimpex AG,4.53,0,0,0,0,0,0,2019-01-03
Wasko SA,1.48,5.71,1.4,1.34,1.5,34083,49255,2019-01-04
Wawel SA,806,0,808,806,814,34,27506,2019-01-04
Wielton SA,9.75,1.56,9.55,9.44,9.79,4609,44141,2019-01-04
Wikana SA,0.71,4.41,0.68,0.68,0.71,12204,8309,2019-01-04
Wirtualna Polska Holding SA,53,-0.75,53,53,53.6,55968,2966420,2019-01-04
Wittchen SA,15.5,0.65,15.8,14.8,15.8,5273,78134,2019-01-04
Wojas SA,3.79,0,3.8,3.79,3.8,1841,6978,2019-01-04
Work Service SA,1.6,-2.44,1.65,1.59,1.68,273978,445400,2019-01-04
XTB DM SA,4.41,-2,4.43,4.41,4.43,470,2077,2019-01-04
Yolo SA,1.97,-0.51,1.97,1.97,1.97,858,1690,2019-01-04
Zamet SA,0.74,2.78,0.74,0.74,0.74,1000,740,2019-01-04
Zastal SA,0.36,0,0,0,0,0,0,2019-01-03
ZE PAK SA,7.55,0,7.45,7.45,7.58,6191,46614,2019-01-04
ZM Henryk Kania SA,1.04,0.97,1.05,1.02,1.05,11367,11742,2019-01-04
ZM Ropczyce SA,31.7,-0.31,32,31.4,32,302,9559,2019-01-04
ZPC Otmuchów SA,1.65,-2.94,1.69,1.6,1.69,11,18,2019-01-04
ZPUE SA,60,-1.64,61.5,57,61.5,5829,341791,2019-01-04
ZUE SA,4.48,-4.68,4.69,4.35,4.69,4633,20666,2019-01-04
ZUK Stąporków SA,1.39,2.96,1.39,1.39,1.39,1072,1490,2019-01-04
Śnieżka SA,80,1.91,78,78,80,10,784,2019-01-04
